{"cameraMode":{"drawMode":0,"name":"Shaded","section":"Shading Mode"},"sceneLighting":true,"audioPlay":false,"sceneViewState":{"showFog":true,"showMaterialUpdate":false,"showSkybox":true,"showFlares":true,"showImageEffects":true,"showParticleSystems":true},"in2DMode":false,"pivot":{"x":9.87076187133789,"y":-13.147724151611329,"z":-2.2500593662261965},"rotation":{"x":-0.29210978746414187,"y":-0.6477543711662293,"z":0.2965436577796936,"w":-0.6381118297576904},"size":40.15501403808594,"orthographic":false}